rating,review_text,steming_data,has_complaint_term
5,aplikasi tidak bisa di buka,aplikasi buka,True
4,kenapa aplikasi nya GK bisa di buka padahal udah daftar mohon bantuannya ğŸ™ğŸ»,aplikasi ya buka daftar mohon bantu,True
5,GK mau dibuka,buka,True
5,aplikasi tidak bisa di buka selalu mental terus,aplikasi buka mental,True
5,ko kalo mau masuk ke aplikasi mental yaa tolong di bantu biar mempermudah,masuk aplikasi mental ya tolong bantu biar mudah,True
5,"aplikasinya tidak bisa di buka tolong di perbaiki, bagaimana bisa kerja kalok gini trus.",aplikasi buka tolong baik kerja,True
5,normal kembali dong jangan mempersulit kmi bekerjağŸ™ğŸ™,normal sulit,True
5,ini gimana mau kerja mau masuk aplikasinya gagalyerus,kerja masuk aplikasi gagalyerus,True
5,knp GK bs masuk y selalu terkendala klu Uda kluar,masuk ya kendala,True
5,"Min kenapa yh aplikasi siga mobile saya malah masuk keluar trs sama login g biasa gagal pada jaringan ini trs katanya,solusinya min",min ya aplikasi siga mobile masuk login gagal jaring katanyasolusinya min,True
5,Aplikasi tidak bisa di buka,aplikasi buka,True
5,aplikasi Tidka bisa di bukak,aplikasi tidka buka,True
5,aplikasi ini tidak bisa dibuka...,aplikasi buka,True
5,"untuk temenÂ² yang masih mental aplikasinya bisa coba unduh di website nya siga bkkbn go id ya temenÂ² nanti scroll ke bawah cari tulisan siga mobile download aplikasinya disitu nanti install seperti biasa, banyak kok tutorial nya di youtube",teman mental aplikasi coba unduh website ya siga bkkbn go id ya teman scroll cari tulis siga mobile download aplikasi situ install tutorial ya youtube,True
4,"siga mobile update terbaru gagal masuk,jadi gak bisa buka aplikasi nya,mohon di perbaiki secepatnya",siga mobile update baru gagal masukjadi buka aplikasi nyamohon baik cepat,True
5,kenapa aplikasi sering tidak bisa masuk,aplikasi masuk,True
4,aplikasi macet,aplikasi macet,True
5,tolong diperbaiki aplikasinya biasanya tidak bisa di buka login,tolong baik aplikasi buka login,True
5,knp TDK bisa bukağŸ™,buka,True
4,setiap di klik email selalu gagal,klik email gagal,True
4,susah login,susah login,True
5,error terus,error,True
5,msh blom bisa tuk buka aplikasi nya,buka aplikasi ya,True
4,"tolong perbaiki aplikasinya dlu,alx kalo buka apk tibaÂ² langsunv kembli dan di buka ulangÂ²jga tetap sama,mohon bantuannya karena smentara lagi verval,terimkasih",tolong baik aplikasi dlualx buka apk langsunv kembli buka ulangjga samamohon bantu vervalterimkasih,True
4,tidak bisa masuk ke aplikasi tlg perbaiki mau masuk tidak bisa tetap kembali.,masuk aplikasi tolong baik masuk,True
5,mohon dong aplikasi nya tidak bisa buat ngedata verval mental aja mohon kerjasamanya sedangkan waktu pendataan pendampingan mau selesai tapi aplikasi nya tidak bisa di buka,mohon aplikasi ya ngedata verval mental mohon kerjasamanya data damping selesai aplikasi ya buka,True
5,kenapa nggak bisa kembali login . banyak data yg perlu saya entri .mohon di bantu dan minta solusinya dong ğŸ™,login data entri mohon bantu solusi,True
4,Sulit diakses,sulit akses,True
5,"sip.... kereeeen sekarang mah eror melulu jadi makan gaji buta terus eeeeuuungg,... pertahankan supaya para kader ga kerja dan menjadi BODOH, terimaksih",sip keren mah eror melulu makan gaji buta eeeeuuungg tahan kader kerja bodoh,True
5,"ayoo perbaiki, jangan menyiksa kader dengan error dan bug GJ",ayo baik siksa kader error bug gj,True
5,kenapa saat di tekan aplikasi siga mobile selalu terpental dan ngk bisa masuk,tekan aplikasi siga mobile pental masuk,True
5,aplikasi tidak bisa buka,aplikasi buka,True
5,kenapa aplikasinya susah dipakai,aplikasi susah pakai,True
5,tidak bisa dibuka,buka,True
5,gk bisa di buka,buka,True
5,di coba lagi setelah beberapa kali apl tidak bisa di buka,coba kali apl buka,True
5,tidak bisa buka siga mobile di hp ini dan mohon di buka,buka siga mobile hp mohon buka,True
5,kok susah masuknya ya,susah masuk ya,True
4,aplikasi susah di buka beberapa kali ganti versi,aplikasi susah buka kali ganti versi,True
5,gmn caraya membuka siga verval?,caraya buka siga verval,True
4,"aplikasi setelah terdonlod tidak bisa dibuka, eror terus",aplikasi terdonlod buka eror,True
5,aplikasi semakin susah untuk di gunakan. tolong perbaiki lagi aplikasi nya.,aplikasi susah tolong baik aplikasi ya,True
4,kenapa sya tidak bisa membuka apk ini selalu mental.,buka apk mental,True
4,hanya tampilan aplikasi tidak bisa terbuka,tampil aplikasi buka,True
5,eror,eror,True
4,susah masuk nya,susah masuk ya,True
5,tolong aplikasinya diperbaiki susah buka aplikasi nya,tolong aplikasi baik susah buka aplikasi ya,True
5,suka eror,suka eror,True
5,mohon aplikasi nya bisa di buka dengan android versi 12 ke bawah,mohon aplikasi ya buka android versi,True
5,belum bisa di buka,buka,True
5,kenapa saat buka aplikasi dengan sendirinya langsung kembali,buka aplikasi langsung,True
5,kok lg error,error,True
5,sulit di akses aplikasinya,sulit akses aplikasi,True
4,nga bisa f buka mental trus,f buka mental,True
5,"sebelum di update semua berjalan lancar,begitu selesai update waktu mau masuk tidak bisa lagi ( langsung keluar sendiri ) mohon bantuan admin nya apa yg harus kami lakukan..tks.salam sehat.",update jalan lancarbegitu selesai update masuk langsung mohon bantu admin ya lakukantkssalam sehat,True
4,aplikasinya tidak bisa dibuka,aplikasi buka,True
5,gagal masuk ke aplikasinya di versi terbaru ini Semoga bisa lebih memudahkan dalam pendataan agar lebih cepat dan praktis,gagal masuk aplikasi versi baru moga mudah data cepat praktis,True
5,"tolong perbaiki pas simpan selalu lama dan gagal dan pas keluar dari aplikasi dan masuk kembali tidak bisa masuk lagi,alasannya selalu ""aplikasi tidak bisa di gunakan jaringan ini"" udah semua kartu ganti tapi tetap tidak bisa",tolong baik pas simpan gagal pas aplikasi masuk masuk lagialasannya aplikasi jaring kartu ganti,True
5,aplikasi tidak bisa dibuka,aplikasi buka,True
5,apl sulit masuk tolong diperhatikan,apl sulit masuk tolong perhati,True
4,aplikasi yng bagus cuma knapa ya di hp aku ga bisa dibuka,aplikasi bagus knapa ya hp buka,True
5,aplikasinya nggk bisa di buka,aplikasi buka,True
5,kenapa aplikasi siga mobile tidak bisa dibuka,aplikasi siga mobile buka,True
5,gak bisa dibuka aplikasinya ya,buka aplikasi ya,True
5,kenapa aplikasi tidak bisa di buka,aplikasi buka,True
5,Tolong bantu untuk masuk log in ke apk siga mobile ke versi Hp lama agar pendataan verval cepat selesai.,tolong bantu masuk log apk siga mobile versi hp data verval cepat selesai,True
5,tidak bisa di buka,buka,True
5,mohon bisa kah aku buka aplikasinya,mohon kah buka aplikasi,True
4,tidak bisa dibuka,buka,True
4,gk bisa di buka,buka,True
4,sejak ganti nama dan update susah masuknya,ganti nama update susah masuk,True
5,aplikasi ini sangat membantu dalam pendataan balikan Ibu hamil dan catin,aplikasi bantu data balik hamil catin,True
4,aplikasi kurang bagus krna tidak masuk padahal email dan sandi sdah benar,aplikasi bagus masuk email sandi,True
5,sudah menginstal ulang tapi tidak bisa d buka malam balik lagi,menginstal ulang buka malam,True
5,sangat mudah kalo server nya bagus,mudah server ya bagus,True
4,untuk update terakhir tidak bisa masuk langsung tutup aplikasi mungkin dengan alasan sistem IU hp ada minimalnya. mohon untuk diperbaiki soalnya kami yang ada di pedesaan dengan spesifikasi mengah kebawah merasa kesulitan untuk menyesuaikan tipe hp,update masuk langsung tutup aplikasi alas sistem hp minimal mohon baik desa spesifikasi mengah bawah sulit sesuai tipe hp,True
5,"sangat tidak bagus. ketika kita buka aplikasinya, membal. langsung kembali sendiri.",bagus buka aplikasi membal langsung,True
4,aplikasi tidak bisa dibuka,aplikasi buka,True
5,kadang bisa dibuka kadang engga.,kadang buka kadang,True
4,apl nya ga bisa di buka,apl ya buka,True
5,"kok gak bisa masuk ke aplikasi nya ,mental terus",masuk aplikasi ya mental,True
5,banyak orang yg TDK bisa login disiga mobile aplagi yg blum tau mnggkn aplikasi ini,orang login disiga mobile aplagi tau mnggkn aplikasi,True
4,sya SDH brpa kali uninstall aplikasi ini dan download ulang tapi Mash tetap sja tdk bsa msk dlm aplikasi,kali uninstall aplikasi download ulang mash masuk aplikasi,True
5,email/id tpk nya dan kata sandinya salah dan gagal terus,emailid tpk ya sandi salah gagal,True
5,tolong versi terbaru d turunkan biar hp speak android 13 kebawah masih bisa buka aplikasi siga,tolong versi baru turun biar hp speak android bawah buka aplikasi siga,True
5,"aplikasi ini sangattt bagus dan membantu kami ,,,,tapi ada sisi lain dari aplikasi ini yang mana sangat sulit untuk dibuka kembali stelah bbrap bulan ini faakum karna kami hrs mngerjakn TPK,,,mohon untuk sgra diperbaiki server ataupun segala keprlun untuk memudahkan kmi untuk msuk ke aplikasi ini,,,",aplikasi bagus bantu sisi aplikasi sulit buka bbrap faakum mngerjakn tpkmohon sgra baik server keprlun mudah masuk aplikasi,True
5,sesudah instal ulang mau loading langsung ilang,instal ulang loading langsung hilang,True
4,"setelah update aplikasi malah gak bisa di buka dan terpental,, gmn solusinya???",update aplikasi buka pental solusi,True
4,"sudah aplikasi terbaru, awalnya setiap mau masuk selalu mental tidak bisa, giliran diinstal ulang malah gak bisa login..dnegan catatan id&sandi salah.. gimana ini admin? ğŸ˜ŒğŸ˜Œ",aplikasi baru masuk mental gilir diinstal ulang logindnegan catat idsandi salah admin,True
5,"Kenapa aplikasi ny jd gak bisa di buka ggal terus blik lg blik lg udh d unstal d play store trus"""" n angr g bisa d buka",aplikasi nya buka ggal unstal play store n angr buka,True
5,di arahkn untuk update aplikasi tpi sdah di tekan ok..selalu gagal update knpa ya..?,arahkn update aplikasi tekan okselalu gagal update ya,True
4,kenapa aplikasi nya mental2 terus ya. tolong perbaiki,aplikasi ya mental ya tolong baik,True
5,kenapa pas dibuka sistemnya Ndak bisa masuk ya ... tolong dong min,pas buka sistem indak masuk ya tolong min,True
5,"Setelah upgrade versi terbaru tidak bisa dibuka dan mental ,mohon solusinya min",upgrade versi baru buka mental mohon solusi min,True
5,"coba aku kasih bintang ful sispa tau bisa di bukak,",coba kasih bintang ful sispa tau buka,True
5,"sudah meng install ulang tp sewaktu mau buka, loading dan menghilang ,km meng input tdk bisa Krn setiap mau buka loading trs.gmn mau selesai input verval ,loading mulu,mendingan aplikasi yg dulu .mlh yg baru bikin pusing .. loading mulu.",meng install ulang buka loading hilang meng input buka loading trsgmn selesai input verval loading mulumendingan aplikasi bikin pusing loading mulu,True
5,tidak bisa di buka aplikasinya,buka aplikasi,True
5,saya mau nanya kenapa hp Oppo a1k tidak bisa membuka aplikasi ini mohon untuk perbaikan karna saya mau ada tugas di aplikasi iniğŸ™,hp oppo buka aplikasi mohon baik tugas aplikasi,True
5,knp ya susah di buka,ya susah buka,True
5,bagus aplikasinya tapi sulit masuk,bagus aplikasi sulit masuk,True
4,mohon info knp aplikasinya mental klau di buka kluar sendiri padahal sdah update versi terbaru,mohon info aplikasi mental buka update versi baru,True
4,"tidak bisa digunakan, saat masuk aplikasi ny Mlah terpental, knp ya ko tiba tiba terpental klo mau masuk,saya kasih Bintang 4 biar terbaca",masuk aplikasi nya pental ya pental masuksaya kasih bintang biar baca,True
4,kenapa Tidak Bisa Masuk Ke Aplikasi Siga Mobile?,masuk aplikasi siga mobile,True
5,apakah aplikasi eror,aplikasi eror,True
4,"aplikasi siga mobile , ko saya ga bisa buka kenapa ya...biasanya tiap bulan lancar ko dari kemaren g bisa di buka, ada yang salahkah, mohon pencerahaY",aplikasi siga mobile buka yabiasanya lancar kemarin buka salah mohon pencerahay,True
5,aduh gmn ini ga bisa login,aduh login,True
5,app TDK bisa di buka,app buka,True
5,"apk tidak bisa dibuka,setiap dibuka lansung membal,mohon dibantu",apk dibukasetiap buka lansung membalmohon bantu,True
4,hadech udah update malah nggak bisa di buka udah hapus download,hadech update buka hapus download,True
4,banyak keluhan dari kader kami bahwasanyya suka berhenti sendiri atau pas di buka apk nya suka kembali lagi apa versi android minimal berapa,keluh kader bahwasanyya suka henti pas buka apk ya suka versi android minimal,True
5,sering eror nya ni aplikasi,eror ya nih aplikasi,True
5,"info dari TPK, banyak setelah update per 2 September. banyak macet aplikasi dan sering keluar terpental ketika login. mohon dicariin solusinya min",info tpk update september macet aplikasi pental login mohon dicariin solusi min,True
5,kenapa pas dibuka...terus balik..Sama sekali tidak bisa dibuka,pas dibukaterus baliksama buka,True
4,"aplikasi nya loading mulu ,",aplikasi ya loading mulu,True
4,Aplikasi ini sering kali sering mengalami gangguan sistem ketika dilakukan verval sering eror,aplikasi kali alami ganggu sistem verval eror,True
5,aplikasi nya selalu kembali sebelum update,aplikasi ya update,True
5,aplikasi sllu eror,aplikasi eror,True
4,knapa sekarang aplikasinya tidak di buka,knapa aplikasi buka,True
4,dibuka selalu kembali keplyaistor,buka keplyaistor,True
5,"cape bolak balik update Mulu udh gitu sering eror, padahal kerjaan lagi numpak verval",capek bolak update mulu eror kerja numpak verval,True
5,ga bisa buka aplikasi ny,buka aplikasi nya,True
5,"Tidak bisa dibuka aplikasinya padahal sudah unistal baru instal lgi,tetap berputar putar memuat data ğŸ¥²ğŸ¥²",buka aplikasi unistal instal lgitetap putar putar muat data,True
5,"sudah di update terbaru malah ga bisa di buka sama sekali, gimana kumaha ieu? sok ath Min enggal di perbaiki",update baru buka maha ieu sok ath min enggal baik,True
5,kok tidak bisa d buka,buka,True
5,"permisi apknya kok kek troble ya, ini ga bisa unduh sertifikatnya kk, gagal trs mau di unduh, klo loginnya bisa cm unduhnya yang belum bisa",permisi apknya kayak troble ya unduh sertifikat kakak gagal unduh loginnya unduh,True
4,gak sengaja log out akirnya susah log in..gimana solusinya min..udah instal ulang udah restart hp masih sama..padahal id dan password udah bener,sengaja log out akirnya susah log ingimana solusi mudah instal ulang restart hp samapadahal id password,True
5,maaf sya blm bsa masuk,maaf masuk,True
5,Gagal login terus.. Kenapa ya?,gagal login ya,True
4,kenapa ya aplikasi ini saya. install eh. malah muter aja. ga. bisa masuk. lagi,ya aplikasi install eh muter masuk,True
4,"aplikasinya sangat membantu dibandingkan dengan versi sebelumnya hanya kadang bermasalah sehingga proses pengimputan terganggu, harapan nya agar aplikasinya lebih gampang dalam penginputan dan tidak terjadi kendala lagi",aplikasi bantu banding versi kadang masalah proses kimput ganggu harap ya aplikasi gampang penginputan kendala,True
4,sering update dan sedikit bingung,update bingung,True
5,"udh brpa kali di coba tdak bisa,tiap masuk apk di arahkan ke play store lagi,,apk eror trus",kali coba bisatiap masuk apk arah play store lagiapk eror,True
5,mudah. tapi masih kadang ada bug sistem nya. suka nge blank. tiba2 kluar sendiri. atau kadang gak mau kebuka..,mudah kadang bug sistem ya suka nge blank kadang buka,True
4,siga mobile saya k tidak bisa d buka ya?k mnt dperbarui,siga mobile buka ya dperbarui,True
5,"Wah...alhamdulillah..apk elsimil V3 ini semoga lbh mantap krn ketika dicoba lebih gampang digunakan,jd lbh mendukung saat input data,semoga gda error ketika unduh sertifikat nya nti,trims",wahalhamdulillahapk elsimil v moga mantap coba gampang digunakanjd dukung input datasemoga error unduh sertifikat ya ntitrims,True
5,susah,susah,True
5,knapa sih susah banget dibuka y ada pembaruan trus tapi gak bisa diperbaharui,knapa sih susah banget buka ya baru baharu,True
4,masih baru buka aplikasi ni,buka aplikasi nih,True
4,"sudah update applikasi tetapi saat mau input sering muncul permintaan ""buka"" sangat menggangu sekali",update aplikasi input muncul minta buka menggangu,True
5,semoga aplikasinya tidak pernah eror,moga aplikasi eror,True
5,"sangat bagus 2 aplikasi di jadikan satu.semoga sukses selalu,semoga dengan di perbarui tidak eror lagi",bagus aplikasi jadi satusemoga sukses selalusemoga baru eror,True
5,blum bisa dibuka,buka,True
5,mau masuk lagi tak bisa,masuk,True
4,aplikasi ya sering eror,aplikasi ya eror,True
5,"sangat sulit digunakan,, selalu gagal dan tertulis Application Exception,,, mohon perhatiannya, elsimil dan verval KRS 2025, tiap hari di kejar target, tapi dilapangan aplikasi siga mobile tidak bisa digunakan",sulit gagal tulis application exception mohon perhati elsimil verval krs kejar target lapang aplikasi siga mobile,True
5,Aplikasi kadang eror,aplikasi kadang eror,True
4,"aplikasi data yang masih perlu diperbaiki lagi, terkadang data yang sudah masuk hilang",aplikasi data baik terkadang data masuk hilang,True
4,kenapa yg sekarang susah dibuka loading mulu.. udah berulang kali di instal ulanh ğŸ˜®â€ğŸ’¨,susah buka loading mulu ulang kali instal ulanh,True
4,"kenapa tanggal lahirnya harus diketuk ulang aku rasa lebih efisien bila bisa tanggal diketik,mana lagi pas simpan data suka lama,kadang jaringan error",tanggal lahir ketuk ulang efisien tanggal diketikmana pas simpan data suka lamakadang jaring error,True
4,Kenapa server tidak aktif ya?,server aktif ya,True
4,"setelah d update malah eror, bolak balik k playstore",update eror bolak playstore,True
5,"kerjaan susah selesainya.karena apk lemot.sering erorjaringan bagus,pas nyimpan datanya lama,muter terus.bagai mana cepet selesai bahkan ada yang telah tersimpan.tapi pas d buka datanya malah hilang dan harus data ulang ğŸ˜€",kerja susah selesainyakarena apk lemotsering erorjaringan baguspas nyimpan data lamamuter terusbagai cepat selesai tersimpantapi pas buka data hilang data ulang,True
5,gk bisa dibuka lari ke playstore terus,buka lari playstore,True
4,setelah di upgrade malah gabisa masuk...padahal id dan sandi sudah betul...kalo gabisa masuk gimana kerjanyağŸ˜‘,upgrade masukpadahal id sandi betulkalo masuk kerja,True
5,knp eror trus ya ..,eror ya,True
5,tolong server bersahabatlah biar cepat kelar kerjaan saya,tolong server sahabat biar cepat kelar kerja,True
4,kadang eror,kadang eror,True
5,kenapa harus selalu buka playstore kan dah di unduh,buka playstore unduh,True
5,lalot jaringan bagus.sdh brpakali di coba tida bisa ta buka aplikasi .,lalot jaring bagussdh brpakali coba tida ta buka aplikasi,True
5,"udah di update,tp setiap buka aplikasi selalu suruh update dan ga bisa di buka2",updatetp buka aplikasi suruh update buka,True
5,di buka susah aplikasi siga,buka susah aplikasi siga,True
5,"""aplikasi eror""",aplikasi eror,True
4,sulit,sulit,True
5,sudah di update malah sering keluar2 sendiri abis itu perintah ny update lg gitu aja terus smpe bosan,update habis perintah nya update bosan,True
4,ma'af iya saya kasi bintang 4 dulu soalnya belum dicoba versi barunya,maaf iya kasih bintang coba versi baru,True
4,terkadang sering loading....,terkadang loading,True
4,"ketika digunakan kadangkala lemot, susah berhasil",kadangkala lot susah hasil,True
4,susah login,susah login,True
4,"kenapa tidak lancar dan selalu ,, muter2 servernya",lancar muter servernya,True
4,dibuka aja muter terus...apakah masih ad proses perbaikan?,buka muter terusapakah proses baik,True
5,diminta update taoi sekalu gagal,update taoi sekalu gagal,True
5,"Aplikasi bagus sudah terintegrasi dengan Elsimil, tapi kalau boleh usul apabila pelaksanaan se-Indonesia di mohon untuk di bagi wikayah waktu pelaksanaannya biar tidak selalu eror karena rebutan server, terimakasih",aplikasi bagus integrasi elsimil usul laksana indonesia mohon wikayah laksana biar eror rebut server terimakasih,True
4,gak bisa buka padahal udah di update apa kerena tipeÂ² hp atau aplikasinya lagi bermasalah,buka update rena tipe hp aplikasi masalah,True
4,aplikasi susah di unduh,aplikasi susah unduh,True
5,tidak bisa membukanya,buka,True
5,"loading blm bisa mengerjakan satupun , gimna nih ,terus aja muter",loading satu nih muter,True
4,"susah di buka, kembali ke playstore",susah buka playstore,True
5,"sebenernya aplikasinya sangat membantu, tapi sering muncul update terus",aplikasi bantu muncul update,True
4,"lah di update baru koh, mo ngentry hrs bolak blik ke play store, bikin esmosi",update koh ngentry bolak play store bikin esmosi,True
4,msh sering muncul tulisan pembaruan di playstore,muncul tulis baru playstore,True
4,Semoga bisah membantu untuk penginputan. Tapi mohon bantuannya agar jangan terlalu eror terus jadi susah kami untuk melakukan penginputan. Terimakasihh,moga bisah bantu penginputan mohon bantu eror susah penginputan terimakasihh,True
5,"untuk pendataan verval aman,tetapi untuk masuk ke pendataan elsimil ko makin rumit",data verval amantetapi masuk data elsimil rumit,True
4,"membantu dlm pendataan tp sering error tidak bisa dibuka,",bantu data error buka,True
5,susah log in,susah log,True
4,"maaf saya beri 4 ,mungkin dibutuhkan draft penyimpanan supaya tidak mengulang ulang lagi data yg sudah masuk saat terjadi kegagalan server atau sinyal buruk ğŸ™ ğŸ™",maaf butuh draft simpan ulang ulang data masuk gagal server sinyal buruk,True
5,eror sulit,eror sulit,True
4,susah di downd load ğŸ˜ğŸ˜Š,susah downd load,True
4,susah d buka loading,susah buka loading,True
4,lama lama kok g bisa dibuka knp ya,buka ya,True
5,Aplikasi siga muter terus,aplikasi siga muter,True
5,macet,macet,True
5,"Aplikasinya masih banyak kekurangannya,data yg sudah kita masukkan,tidak muncul,begitupun dg data verval,sudah diinput dan disimpan,berhasil di simpan,tp pas kita cari dg memasukkan nm atau no.nik data tidak ditemukan.",aplikasi kekurangannyadata masukkantidak munculbegitupun data vervalsudah diinput disimpanberhasil simpantp pas cari masuk nama nonik data temu,True
4,setiap masuk disuruh update trus ke playstore.... sehari masuk 10x update juga ngikut terus,masuk suruh update playstore hari masuk kali update ngikut,True
5,blm bisa dibuka,buka,True
5,MOHON DIPERBAIKI DAN JAngan terus menerus di update mengingat hp yg ram kecil maka akan berpengaruh pada jaringan yg kurang stabil dan itu sangat susah untuk d upload,mohon baik terus update hp ram pengaruh jaring stabil susah upload,True
4,"kenapa minta update terus, padahal udah di update dan ga ada tombol untuk update. kalau buka selalu ada notif update. Dan ke playstore lagi tidak ada tombol update, adanya uninstall sama buka. Sudah buka halaman depan pasti muter muter muyer. harus berapa kali pasang hapus pasang hapus. ğŸ˜’ğŸ˜’ğŸ˜’ kesabaran sudah menipis",update update tombol update buka notif update playstore tombol update uninstall buka buka halaman muter muter muyer kali pasang hapus pasang hapus sabar tip,True
5,"ini kenapa ya sudah di update tapi selalu muncul tulisan ( terdapat pembaruan aplikasi) trus, padahal udh versi terbaru",ya update muncul tulis baru aplikasi versi baru,True
5,"jaringan nya jelek selalu muter terus ,jdi menghambat pekerjaan kami ,ğŸ™",jaring ya jelek muter hambat kerja,True
4,membantu sih tapi kok kadang suruh update lagi,bantu sih kadang suruh update,True
4,"setelah diotak-atik anak sy akhirnya aplikasi ini bisa dibuka. bagi yg muncul notifikasi update aplikasi, coba clear cache & data dahulu",diotakatik anak aplikasi buka muncul notifikasi update aplikasi coba clear cache data,True
4,"aplikasinya kok muter terus rek,,, gak bisa ngarap",aplikasi muter rek ngarap,True
5,ko gl bisa masuk aplikasi ini,gl masuk aplikasi,True
5,aplikasi elsimil error kah knp masih di arahkan ke play store aj padahal SDH instal lo,aplikasi elsimil error kah arah play store instal lo,True
4,masuk aplikasi nya sangat susah ...sudah diperbaharui tetp gak bisa dibuk,masuk aplikasi ya susah baharu buk,True
4,"muter2, slalu minta di update",muter update,True
4,"aplikasinya kurang akurat, tidak bisa maksimal mengerjakannya, kadang terkendala sver error",aplikasi akurat maksimal kerja kadang kendala sver error,True
5,tidak dapat buka aplikasi,buka aplikasi,True
4,kenapa sering eror aplikasi nya,eror aplikasi ya,True
4,Harus sabar banget datanya.. soalnya servernya eror terus,sabar banget data servernya eror,True
5,"baik dan mudah di gunakan, hanya saja jika tersedia versi offline lebih baik, karena satu kendala kami pengguna tidak tersedia jaringan yang baik.",mudah sedia versi offline kendala guna sedia jaring,True
4,kurang lah ...muter'' terus...setiap dibuka pasti dialihkan untuk install lagi..gitu terus...tolonglah diperbaiki sistemnya..,muter terussetiap buka alih install lagigitu terustolonglah baik sistem,True
5,"aplikasinya bagus tapi kalau dipake bersamaan loding, sekalinya bisa kebuka langsung lancar",aplikasi bagus pakai sama loding sekali buka langsung lancar,True
5,"dibuat geregetan sama aplikasi ini, sangat menyita waktu eror terus loading lama..",gereget aplikasi sita eror loading,True
5,semoga tidak sering error dengan versi terbari ini sehingga memudahkan kader dalam mendata,moga error versi bari mudah kader data,True
5,kenapa sih muter aj.. pusing padahal paket pul...,sih muter pusing paket pul,True
4,kenapa selalu error kalo di HP samsung min??? bantu respon,error hp samsung min bantu respon,True
4,"menghambat karir, update update trs",hambat karir update update,True
4,aplikasi ini sebenernya sudah bisa dipakai tpi sayang sekali setelah sistem update malah gak bisa kebuka dan masih loading terus.. tolong servernya diperbaiki dong min,aplikasi pakai sayang sistem update buka loading tolong servernya baik min,True
5,kenapa aplikasi nya tdk bisa di buka,aplikasi ya buka,True
5,aku sekarang belum bisa kebuka,buka,True
5,"belum sempurna ,masih diarahkan ke playstore ,data belum bisa masuk",sempurna arah playstore data masuk,True
5,sudah diperbarui tapi di bisa di buka padahal sudah versi terbaru,baru buka versi baru,True
4,masih selalu di arahkan ke play store padahal sudah update.,arah play store update,True
5,"setelah di update maka aplikasi ini lebih lancar ,lebih cepat untuk simpan datanya . ... semoga lancar selalu",update aplikasi lancar cepat simpan data moga lancar,True
5,kenapa ini muter terus,muter,True
5,aplikasi selalu update,aplikasi update,True
4,"setelah di uninstall lalu di install lagi mesti di hapus dulu cache nya baru bisa login dengan baik. dari batang kabung ganting, kota padang",uninstall install mesti hapus cache ya login batang kabung ganting kota padang,True
5,wahhh sangat sangat ketar ketir...di jatah wkt 1 bulan aplikasi nya muter2 kdg erorğŸ¤­ğŸ¤­ğŸ˜€,ketar ketirdi jatah aplikasi ya muter kadang eror,True
4,tidak bisa dibuka aplikasinya,buka aplikasi,True
5,mau masuk nya susah aplikasi ini di arahkan ke playstor terus saat masuk,masuk ya susah aplikasi arah playstor masuk,True
5,Masih ada beberapa hp yg belum bisa masuk ke Siga,hp masuk siga,True
4,aplikasinya agak susah kurang lancar koneksi updatenya,aplikasi susah lancar koneksi updatenya,True
4,belum sempurna tiap X buka aplikasi nya tiap X di suruh pembaruan aplikasinya,sempurna kali buka aplikasi ya kali suruh baru aplikasi,True
4,"susah log in,selalu di arahkan ke PlayStore",susah log inselalu arah playstore,True
5,sangat bagus tapi susah diupdate,bagus susah diupdate,True
5,aplikasi verval masih belum sempurna untuk di gunakan masih eror,aplikasi verval sempurna eror,True
5,"aneh di sini versi 4.0.2 dah di dwonload tetep versi 4.0.0,,,",aneh versi dwonload versi,True
4,muter trus tolong,muter tolong,True
5,kenapa tidak bisa kebuka aplikasi ini stelah kita install,buka aplikasi install,True
5,Muter terus aplikasinya,muter aplikasi,True
5,muter terus,muter,True
4,aplikasi sulit untuk diunduh,aplikasi sulit unduh,True
5,susah,susah,True
4,"masih sering error,,",error,True
5,vivo y 16 menyala HP ku ga biasa masuk apk?,vivo ya nyala hp ku masuk apk,True
5,"udah mencoba login tpi disuruh update terus, terserahlah kesabaran ku sudah habis",coba login suruh update serah sabar ku habis,True
5,susah masuk,susah masuk,True
5,Aplikasi sudah di update semoga tidak eror terus,aplikasi update moga eror,True
5,"aplikasi nya lumayan buat di hp saya, no lemot. loading nya cpt",aplikasi ya lumayan hp no lot loading ya cepat,True
4,"selalu diarahkan ke PlayStore, pdhl udh update ke versi terbaru.... menghambat pekerjaan ini namanyaaaaaaa",arah playstore update versi baru hambat kerja namanyaaaaaaa,True
5,pada waktu pendataan sering susah sinyal,data susah sinyal,True
4,kadang masih suka susah untuk simpan data,kadang suka susah simpan data,True
4,dari awal dipakai sama kader kadang bisa kadang eror kebanyakan erornya sehingga banyak kader yg mengeluh sedangkan dateline td beribah,pakai kader kadang kadang eror banyak eror kader keluh dateline beribah,True
5,kadang data yg mau dimasukan liading,kadang data masuk liading,True
4,setiap buka selalu di arah kan ke playstor..,buka arah playstor,True
4,"punya saya enggak bisa login, muter2 aj. bolak balik suruh ke playstore gitu terus. gimana mau beres ngedata verval klo gitu terus. tolong diperbaiki lagi!",login muter bolak suruh playstore beres ngedata verval tolong baik,True
4,"setiap membuka siga mobile,selalu dan selalu kembali ke play store untuk update, walaupun udah di update berkali-kali,tetap saja di arakan untuk ke play store",buka siga mobileselalu play store update update berkalikalitetap ara play store,True
4,"ketika saya mau masuk..tp selalu ada notifikasi pembaharuan dan kemudian diarahkan ke Playstore, ternyata di Playstore tidak ada pembaharuan..dan selalu seperti itu...jika ingin masuk ke aplikasi...tolong dong diperbaiki aplikasinya...",masuktp notifikasi baharu arah playstore playstore pembaharuandan itujika masuk aplikasitolong baik aplikasi,True
5,semoga ga eror aja,moga eror,True
4,gak bisa di update,update,True
4,aplikasi mudah di operasikan terapi sering eror diarahkan ke playstore tpi gk bisa diunduh laporan pndampingan jdi sering trtunda ğŸ¤£ğŸ˜‚ğŸ« ğŸ¤­,aplikasi mudah operasi terapi eror arah playstore unduh lapor pndampingan trtunda,True
4,"Padahal udah di perbarui tapi masih ngk bisa di buka, di suruh perbarui lagi",baru buka suruh baru,True
4,aplikasi siga mobile gk bisa di buka sama sekali,aplikasi siga mobile buka,True
5,ga bisa masuk,masuk,True
5,knp siga mobile saya gk bisa di buka cma muter aj,siga mobile buka muter,True
5,jelek ga bisa masuk,jelek masuk,True
5,aduuh kok gak bisa simpen data yah sering eror mohon diperbaiki lagi sistem nya,aduh simpan data ya eror mohon baik sistem ya,True
4,"datanya tidak bisa nyimpan dan selalu error terus mohon kerja samanya diperbarui lagi,biar yg daftar cepat selesai",data nyimpan error mohon kerja sama baru lagibiar daftar cepat selesai,True
5,gak bisa di buka walaupun sudah diperbaharuin,buka diperbaharuin,True
4,keluar terus di update,update,True
4,"belum sempurna , selalu d arahkan k playstore tetapi tetap balik lagi , pas simpan data err .. mau semangat qt kerjakan tp bagaimana ini aplikasi nya masih belum siap betul ? saran saya betulkan dlu supaya qt dalam pengerjaan nya mudah dn lebih semangat lagi ..",sempurna arah playstore pas simpan data err semangat kerja aplikasi ya saran betul kerja ya mudah semangat,True
5,baik satu aplikasi menjadi 2 fungsi ttp cepat eror sampai sekarang TDK BS dipakai,aplikasi fungsi cepat eror pakai,True
4,"pak/bu tolong ini bagaimana mau buat sertifikat layak nikah jika tidak bisa menyimpan data, sudah di ulang berkali-kali peringatannya gagal terus",pakbu tolong sertifikat layak nikah simpan data ulang berkalikali ingat gagal,True
5,terkadang tidak bisa menyimpan data . kadang bagus .kadang eror.,terkadang simpan data kadang bagus kadang eror,True
5,Perlu di Perbaiki sistemnya sering eror dan eror,baik sistem eror eror,True
5,aplikasi masih kurang sempurna sering eror,aplikasi sempurna eror,True
5,semoga selalu lancar setiap membuka apl8kasi ini,moga lancar buka aplkasi,True
5,bagus cuma haru kembali login,bagus login,True
5,"setiap buka baduta ngga bisa di arahkan ke ples tor, tapi sudah buka masih tetep aja sama ,",buka baduta arah ples tor buka,True
4,"Dear developer, ada hal penting mengenai new siga web, setelah inputing data ternyata nggak bisa diupload sebab ada error kode 500 mohon perbaiki ya... jangan lupa ngopiâ˜• *sruputtt* ahhh mantap hehe",dear developer new siga web inputing data diupload error kode mohon baik ya lupa ngopi sruputtt ah mantap hehe,True
5,coba ini teh gimna sih setiap mau di pke sllu eror terus,coba teh sih pakai eror,True
4,"kenapa di hpq tidak bisa masuk y!dan selalu keluar bacaan data diperbarui, sedangkan pakek hp lain bisa? adakah yg seperti itu?",hpq masuk ydan baca data baru pakai hp ada,True
4,aplikasinya tidak bisa dibuka?? padahal sudah di update,aplikasi buka update,True
5,"lagi2 pemerintah bikin aplikasi sampah, mau login gabisa, suruh update versi, padahal di playstore tidak ada versi baru, alasan update, padahal emang aplikasi cacat,haruskah saya mengadu pada Tuhan YME",perintah bikin aplikasi sampah login suruh update versi playstore versi alas update aplikasi cacatharuskah adu tuhan yme,True
4,"lama ini penggunaan nya harus berulang"" terus pembaruan nya sudah di klik pas di buka masih kembali lagi aja harus pembaruan lagi hadeh...... jadi bikin lemot kerjaan",guna ya ulang baru ya klik pas buka baru hadeh bikin lot kerja,True
5,dah berulang ulang tetap gagal,ulang ulang gagal,True
5,"aplikasinya masih blm stabil, susah nyimpen datanya",aplikasi stabil susah simpan data,True
5,tidak muncul fitur pilihan update,muncul fitur pilih update,True
5,Aplikasi tidak bisa di buka,aplikasi buka,True
4,belum bisa membuka nya,buka ya,True
5,aplikasi mudah untuk pendataan tapi masih kurang sempurna tiap kali buka aplikasinya selalu di arah kan kembali ke play store,aplikasi mudah data sempurna kali buka aplikasi arah play store,True
4,gimana ini.. g bisa masuk ke aplikasinya?,masuk aplikasi,True
4,"lebih mudah dlm mengisi data, cuman sayangnya sering muter2 ,sehingga harus nunggu lama untuk bisa mengisi data lagi",mudah isi data cuman sayang muter tunggu isi data,True
5,"MUTER' terus klw masuk kin data,prefikasi",muter masuk kin dataprefikasi,True
4,aplikasi sering error,aplikasi error,True
5,kenapa error terus,error,True
5,"aplikasi pendataan yg baik dan mudah namun masih sering muter""terus sehingga agak lambat dalam pendataan vervalnya",aplikasi data mudah muterterus lambat data vervalnya,True
5,sangat membantu. tpi muter2 terus sepertinya belum siap utk mendata..,bantu muter data,True
4,"nggak bisa nyimpan data, selalu error, alhasil data yang udh di input hilang, mohon diperbaiki",nyimpan data error alhasil data input hilang mohon baik,True
4,"cukup efektif dan membantu, namun terdapat kendala pada aplikasi yang membuat kesulitan.",efektif bantu kendala aplikasi sulit,True
5,"sudah di verval dengan data baru tapi data Elsimil tidak berubah ,membedakan tanda yg sudah di verval dan belum juga belum ada tanda pembeda , mencari data selanjutnya masih susah ngeklik ...",verval data data elsimil ubah beda tanda verval tanda beda cari data susah ngeklik,True
5,susah pas di rubah begini ğŸ¥²,susah pas rubah,True
5,tolong kerja sma nya ya aplikasi ğŸ™ğŸ™ jgn gagal trus menyimpan data nya ğŸ˜­,tolong kerja ya ya aplikasi gagal simpan data ya,True
5,aplikasi yh bagus dan membatu tapi mines yh masih banyak yang perlu di tingkatkan lagi setiap isi data selalu eror dan data yg kita input hilang dan terpecah menjadi banyak,aplikasi ya bagus batu mes ya tingkat isi data eror data input hilang pecah,True
5,tiap buka aplikasi pasti hrs perbarui dulu,buka aplikasi baru,True
5,sering eror,eror,True
4,barÃº kali ini ngisi di aplikasi siga awalÂ² bgus ok lah simple ngerjain nya. tapi kenapa ko download LG dn LG tiap masuk dh mah gangguan aja,bar kali ngisi aplikasi siga bagus ok simple ngerjain ya download masuk dah mah ganggu,True
4,susah menyimpan,susah simpan,True
4,banyak bug,bug,True
4,ada warga lain yg masuk di RT saya. bug.. mohon perbaiki,warga masuk rt bug mohon baik,True
5,knp ya siga suruh update mulu..giliran di update susah lg masuknya ğŸ˜ª,ya siga suruh update mulugiliran update susah masuk,True
5,kenapa susah sekali di update giliran di uninstall gk bisa dibuka muterÂ² terus,susah update gilir uninstall buka muter,True
5,blm bisa buka aplikasi nya lola terus gimana mau cepat beres verval nya ngebuka aplikasi nya aja susah,buka aplikasi ya lola cepat beres verval ya ngebuka aplikasi ya susah,True
5,nunggu update lama,tunggu update,True
5,masalah di penambahan keluarga baru sudah dimasukan kan sesuai KK kenapa hasil akhirnya jadi ada anak ajah diindividu anggota nya,tambah keluarga masuk sesuai kakak hasil anak individu anggota ya,True
5,susah login,susah login,True
5,diarahkan mengupdate aplikasi tp ga masuk jg udh berkali2,arah mengupdate aplikasi masuk kali,True
5,Mau masuk ke SIGA MOBILE kok sulit ğŸ™‚â€â†•ï¸,masuk siga mobile sulit,True
4,pas login keseringan erroor,pas login sering erroor,True
5,sudah buka beberapa kali muter terus,buka kali muter,True
5,download nya susah mesti berkali2,download ya susah mesti kali,True
4,kurang maksimal selalu suruh update aplikasi baru begituu ji terus TDK bisa terpakai,maksimal suruh update aplikasi begituu ji pakai,True
4,"ini kenapa ya kak , kok ga bisa buka apk per tgl 24 juni .. disuruh pembaruan udah di playstore nya ga ada tulisan untuk update nya . . ada yang sama ?",ya kak buka apk tanggal juni suruh baru playstore ya tulis update ya,True
5,gak bisa dibuka,buka,True
5,"perlu perbaikan lagi,,karna terlalu sering logout sendiri,dan eror",baik lagikarna logout sendiridan eror,True
5,setiap kali mau input data selalu update terus ini aplikasinya.,kali input data update aplikasi,True
4,server sering eror,server eror,True
4,"setiap hari mencoba login pagi, siang,sore,malam,bhkan jam 3 dini hari ttap tdk bs,trdapt pembaharuan anda akan diarahkan ke playstore,di ikuti ujung2nya ttap server ny tdk bs dibuka,sementara data sasaran nya banyak yg mesti dikerjakan dg waktu kurleb 3 minggu sisanyağŸ¤£ğŸ˜‡",coba login pagi siangsoremalambhkan jam bstrdapt baharu arah playstoredi ikut ujung server nya dibukasementara data sasar ya mesti kurleb minggu sisa,True
5,lebih di tingkatkan lg pelayanan nya...jgn bolak balik error,tingkat layan nyajgn bolak error,True
4,"bagus pas lancar,tp kalo lg penuh masuk pun susah",bagus pas lancartp penuh masuk susah,True
5,muter muuuter aja,muter muuuter,True
5,kadang sinyal nya muter muter teruuus,kadang sinyal ya muter muter teruuus,True
5,"jangan sampai eror lagi, ya server",eror ya server,True
4,"SIGA yang sekarang kenapa suka gangguan sehingga mempengaruhi lambatnya kita menginpuut data, mohon segera ditingkatkan ya kualitasnya ??",siga suka ganggu pengaruh lambat menginpuut data mohon tingkat ya kualitas,True
5,selalu error,error,True
5,apk bagus tapi tolong kalo udh ngisi data mau nyimpn eror harusnya nyimpn otomatis inimah yg tadi diisi ilang semua harus ngulang lagi dari awal,apk bagus tolong ngisi data nyimpn eror nyimpn otomatis inimah isi hilang ngulang,True
5,"tolong d perbaiki lagi ya aplikasinya, kita semua siap menjalankan tugas tp mohon aplikasinya juga harus bagus baru ngisi 3 aja udah ga bisa d buka gmna mau cepat selesai kalau begini terus",tolong baik ya aplikasi jalan tugas mohon aplikasi bagus ngisi buka cepat selesai,True
5,kenapa sering macet sichhhhh,macet sichhhhh,True
5,"Aplikasi pendataan yang mudah tetapi masih kurang sempurna . untuk verval data sasaran yanga ada blm sesuai dengan data fisik ,menjadikan kita punya sasaran tetapi blm ada di verval . seriap membuka applikasi sering diarahkan pembaharuan di playstore gitu ajja terus",aplikasi data mudah sempurna verval data sasar yanga sesuai data fisik jadi sasar verval seriap buka aplikasi arah baharu playstore,True
5,membantu sekali..tpi sering muter trus aplikasinya..saat memasukkan data..jadi nunggunya lmyan lamaa..dan kadang malah gbisa di masukkan datanya,bantu sekalitpi muter aplikasinyasaat masuk datajadi nunggunya lmyan lamaadan kadang gbisa masuk data,True
4,terus update instal baru juga tak bisa masuk ngimana .berkali kali tak juga bisa masuk .,update instal masuk ngimana kali kali masuk,True
5,udah di update tapi kembali trus ke play store knpa ya kok bikin pusing,update play store ya bikin pusing,True
4,berulang kali diarahkan ke Playstore.,ulang kali arah playstore,True
5,susah download nya mesti berkali2,susah download ya mesti kali,True
5,kenapa terus gagal waktu memasuk kan ke elsimil GI mana mau kerja klau kayak gini terus tolong lebih kerja sama nya,gagal masuk elsimil gi kerja kayak tolong kerja ya,True
5,bagus tapi selalu suruh update,bagus suruh update,True
4,"Tolong di perbaiki..sudah berulang"" data y tak tersimpan malah muter terus",tolong perbaikisudah ulang data ya simpan muter,True
5,kok uda d perbaharui stiap masuk aplikasi minta perbaharui lg pdhl uda gk bs,baharu masuk aplikasi baharu,True
5,aplikasinya merepotkan.ada update di bawa ke playstore. tapi langkahnya berulang2 terus.,aplikasi merepotkanada update bawa playstore langkah ulang,True
4,klu mau login susah banget padahal sudah update. msh diarahkan LG ke playstore buka ke playstore LGğŸ˜”,login susah banget update arah playstore buka playstore,True
4,tidak bisa d buka,buka,True
5,muter muter terus,muter muter,True
5,udah bolak balik capek ngak bisa login minta perbaharui terus gimana ini,bolak capek login baharu,True
5,kenapa ya data muter terus Tdk bisa d buks,ya data muter buks,True
5,susah di bukA loading terus....,susah buka loading,True
4,tiap mau simpan data selalu gagal ğŸ˜µ,simpan data gagal,True
5,aplikasi eror terus susah dibuka,aplikasi eror susah buka,True
4,aplikasi sering eror,aplikasi eror,True
5,sudah cukup baik dari aplikasi versi sebelumnya,aplikasi versi,True
5,aplikasinya kurang bagus eror wae,aplikasi bagus eror wae,True
5,aplikasinya kurang bagus error wae...,aplikasi bagus error wae,True
5,ini Gagal terus nyimpen data.,gagal simpan data,True
5,agak sulit mendata karena sering error,sulit data error,True
4,sangat berharap aplikasi ini sesuai apa yang tertulis. kalo memang hapus ya jangan mempersulit yang masih ada datanya.,harap aplikasi sesuai tulis hapus ya sulit data,True
5,kenapa mau login ttp tidak bisa... sdh di update ttp tidak bisa,login update,True
5,masih muter,muter,True
5,aplikasi error terus,aplikasi error,True
5,malam ini lancar jaya gunain aplikasi siga mobile nya semoga seterusnya lancar & gak eror eror lagi,malam lancar jaya gunain aplikasi siga mobile ya moga lancar eror eror,True
5,kenapa elsimil selalu ganti2 aplikasi kadang data udah lengkap d input tiba2 aplikasi d ganti Uda gt error gi bikin aplikasi jgn ecek2 lah kalo aplikasinya bagus kami yg kader ni semangat kerja walaupun jerihnya segitu ğŸ˜­ğŸ¤ªğŸ˜,elsimil ganti aplikasi kadang data lengkap input aplikasi ganti error gi bikin aplikasi ecek aplikasi bagus kader nih semangat kerja jerih segitu,True
5,elsimil selalu lancar tapi saat ini loading,elsimil lancar loading,True
4,udah ngikutin arahan update kok jadi susah masuk knpa ini,ikut arah update susah masuk,True
5,jangan sering2 ke versi terbaru biar cepet selesai ngerjainnya,versi baru biar cepat selesai ngerjainnya,True
5,"mau log in malah balik lagi ke playstore, suruh update padahal sudah di update",log playstore suruh update update,True
5,"mau update kok sulit ,,kenapa ya",update sulit ya,True
4,selalu minta update aplikasi padahal sudah berapa kali di update,update aplikasi kali update,True
5,"SDH di update,kok tiap kali mau menggunakan kenapa selalu harus update terus",updatekok kali update,True
4,server lemot,server lot,True
4,loading terus,loading,True
5,aplikasi nya sllu eror ..,aplikasi ya eror,True
5,apk sering eror itu kenapa servernya kah,apk eror servernya kah,True
4,semoga Siga mobile tidak eror lagi,moga siga mobile eror,True
4,"KNPA harus slalu ganti versi trus ya,kpn MW beresnya KLW gini trus ğŸ¤¦",ganti versi yakpn beres,True
5,belum d coba belum tau eror2 apa engga,coba tau eror,True
4,sudah di download masak suruh update terus,download masak suruh update,True
4,"kecepatan kurang maksimal, loading terus.",cepat maksimal loading,True
5,tidak dapat menyelesaikan update instal siga mobile-nya,selesai update instal siga mobilenya,True
5,semoga gak sering error server nya biar pekerjaan lancar,moga error server ya biar kerja lancar,True
4,"udah di update tapi tidak bisa menginstal, tolong perbaiki lagi aplikasi nya",update menginstal tolong baik aplikasi ya,True
4,berkali kali buka ini GK bisa dan Alhamdulillah sekarang sudah bisa,kali kali buka alhamdulillah,True
4,sulit maasuk,sulit maasuk,True
5,mau daftar gk bisa..selalu di ararin ke playstore di suruh uodate..tapi di playstore gk ada update an,daftar bisaselalu ararin playstore suruh uodatetapi playstore update an,True
5,ga bisa di buka,buka,True
5,eror,eror,True
4,muter2 di down load,muter down load,True
5,knpa ga bisa daftar,daftar,True
5,sulit,sulit,True
5,jngn eror teerud,eror teerud,True
5,kenapa gk bisa di buka,buka,True
5,apk eror tidak bisa ngisi,apk eror ngisi,True
5,alhamdulillah udah bisa k buka aplikasi nya,alhamdulillah buka aplikasi ya,True
5,"bug nya gagal,.. belum bisa mengisi data diri untuk catin",bug ya gagal isi data catin,True
5,masih belum bisa dibuka,buka,True
5,mudahÂ²an aplikasinya tidak susah,mudah aplikasi susah,True
5,"aplikasi tidak bisa dibuka, kembali ke plestor truss padahal sudah di install",aplikasi buka plestor truss install,True
5,gak bisa di buka,buka,True
5,"Lebih baik dari apl sebelumnya, sedikit kurang nya pas akan tersimpan itu masih gagal menyimpan",apl ya pas simpan gagal simpan,True
5,blm terbuka aplikasinya,buka aplikasi,True
4,sering eror,eror,True
5,aku login perapa kali engga bisa bisa masuk gimana,login apa kali masuk,True
5,"ko elsimil jd ga bisa d buka ya,,, lierrrr",elsimil buka ya lierrrr,True
5,"berulangkali kuDownload ,belum bisa terbuka",berulangkali kudownload buka,True
5,"Banyak yang kurang dari aplikasi elsimil ini apk terus error, tidak bisa input data verval bumil ,Bufas dan baduta padahal udh bner tapi waktu di simpan selalu gagal",aplikasi elsimil apk error input data verval bumil bufas baduta simpan gagal,True
4,verval susah dibuka,verval susah buka,True
5,gagal masuk ke aplikasi elsimil,gagal masuk aplikasi elsimil,True
4,aplikasi nya kog susah di gunakan ...gk sat set,aplikasi ya susah sat set,True
5,Uda coba bbrpa kali gak bisa daftar terus? Tolong perbaiki sistemnya,coba kali daftar tolong baik sistem,True
5,Masa gagal terus di ulang ulang gagal captoin,gagal ulang ulang gagal captoin,True
5,Susah mau ngaktifin nya,susah ngaktifin ya,True
4,"Loading terus,, gak bisa buka sasaran",loading buka sasar,True
4,"Beberapa hari lalu download ngisi data tp ngga ada verifikasi di email aku, terus pas abis ngisi data itu status masih menunggu verifikasi,terus kemarin status berubah jadi masa pendampingan,dan pas kemarin sore aku coba cek lagi malah server tidak aktif. akhirnya aku logout pas mau masuk lagi ttep gabisa akhirnya aku hapus aplikasinya dan download lagi nyoba masuk lagi ttep server tidak aktif.. Mohon infonya,kenapa bisa seperti itu? ğŸ™",download ngisi data verifikasi email pas habis ngisi data status tunggu verifikasiterus kemarin status ubah pendampingandan pas kemarin sore coba cek server aktif logout pas masuk hapus aplikasi download coba masuk server aktif mohon infonyakenapa,True
5,Muter terus,muter,True
5,"Udah puluhan kali mau login gak bisa mulu.. Ini kenapa... Udah di suruh logout... Mau masuk lagi gk bisa2 Udah di update bbrp kali tetep aja di arahin kebplaystoor... Katanya ada pembaruan... Iya saya tau ada pembaruan,, tapi kenapa pas mau login gak bisa2.padahal ID sm sandi udh bnr,, Ttp gk bisa, selalu di arahin ke playstoor Mulu .. Tolong dong di perbaiki lagi.. Pusing saya...",puluh kali login mulu suruh logout masuk update kali arahin kebplaystoor baru iya tau baru pas login bisapadahal id sandi arahin playstoor mulu tolong baik pusing,True
5,Sudah di update tapi minta di update terus tolong bantuan,update update tolong bantu,True
4,Tolong utk penambahan bumil dan baduta oleh kader TPK aja agar tdk repot2 input ke Siga di kantor KB. Nyampek kantor sdh siap input server siga malah eror Agar kader lebih mudah lagi mngerjakannya trims,tolong tambah bumil baduta kader tpk repot input siga kantor kb nyampek kantor input server siga eror kader mudah mngerjakannya,True
4,Sering eror,eror,True
5,mohon dipersiapkan dengan matang biar tida selalu eror,mohon siap matang biar tida eror,True
5,Susah di akses login masuk nya,susah akses login masuk ya,True
5,"Aplikasi bagus hanya kadang data dari verval tidak masuk ke aplikasi mohon untuk kebih menggampangkan pihak TPK, Terimakasih",aplikasi bagus kadang data verval masuk aplikasi mohon kebih gampang tpk terimakasih,True
5,"catin sudah bisa lancar jaya good job, itu modul bumil kenapa server verval status provinsi tidak aktif, padahal di versi sekarang sasaran yang muncul tidak sesuai dengan keadaan di wilayah, ketika mau mencoba menambahkan dari link verval lah kok gak bisa di save",catin lancar jaya good job modul bumil server verval status provinsi aktif versi sasar muncul sesuai wilayah coba link verval save,True
4,"Aplikasi kok mempersulit, masuk aja gabisa",aplikasi sulit masuk,True
4,Kadang aplikasi susah digunakan,kadang aplikasi susah,True
5,"Coba ditambahkan min Live chat bantuan di dalam aplikasinya di halaman login jadi orang"" yang terkendala terbantu",coba min live chat bantu aplikasi halaman login orang kendala bantu,True
5,Aku belum bisa buka,buka,True
5,"Elsimil Versi 3 mempermudah tugas kami para TPK di wilayah dalam pendampingan sasaran, terimakasih BKKBN semoga semakin sukses untuk penanggulangan stunting di IndonesiağŸ™",elsimil versi mudah tugas tpk wilayah damping sasar terimakasih bkkbn moga sukses tanggulang stunting indonesia,True
5,Susah didaftarinnya balik lagi ke playstor,susah didaftarinnya playstor,True
5,Susah banget untuk masuk,susah banget masuk,True
5,"Jaringan aplikasi bermasalah, saya tidak bisa masuk.",jaring aplikasi masalah masuk,True
5,"Elsimil lbh mudah , lbh gampang untuk input data, dan lebih praktis, cm kendala nya bagi yg d daerah minim sinyal itu yg susah",elsimil mudah gampang input data praktis kendala ya daerah minim sinyal susah,True
5,Penting bagi syarat untuk kelengkapan pendaftaran CATIN,syarat lengkap daftar catin,True
4,Kok gak bisa login,login,True
5,Tidak ada hambatan saat mendaftar ğŸ˜Š,hambat daftar,True
5,error mulu,error mulu,True
4,Aplikasi nya gabisa jalan. Tiap mau daftar selalu diarahkan ke playstore terus. Mohon segera perbaiki,aplikasi ya jalan daftar arah playstore mohon baik,True
4,Susah di buka kerna ada pembaruan aplikasi,susah buka kerna baru aplikasi,True
